id,first_name,last_name,job,country,city,street_address,postal_code
1,Ruperto,Marham,Senior Financial Analyst,Syria,Tallkalakh,,
2,Wilden,St Ange,Senior Sales Associate,Japan,Hōfu,,747-1111
3,Weylin,MacUchadair,Director of Sales,Croatia,Martin,5 Bultman Lane,31500
4,Belle,Prazer,,Zambia,Mungwi,963 Amoth Road,
5,Barr,Gettens,Web Developer II,Indonesia,Sumbergayam,8 Eagle Crest Center,
6,Margette,Solly,GIS Technical Architect,Greece,Neochóri,55 Kropf Terrace,
7,Ross,Gartrell,Food Chemist,China,,565 Main Lane,
8,Jacquelyn,Neubigin,GIS Technical Architect,China,Luowan,5276 Havey Alley,
9,Tyrone,Hawksworth,Electrical Engineer,,Quimper,19 Hanover Terrace,29327 CEDEX
10,Lulita,Brigden,Computer Systems Analyst I,Bosnia and Herzegovina,Orahovica Donja,595 Division Alley,
11,Leon,Bewshire,VP Quality Control,Germany,Stuttgart,,70567
12,Melany,Dennes,Nurse Practicioner,China,Taixi,26 Oriole Alley,
13,Sam,Baccas,Administrative Assistant I,Bosnia and Herzegovina,,5907 Cherokee Parkway,
14,Mandel,Skehens,Geologist I,Montenegro,Bar,8595 Atwood Point,
15,Gerda,Brion,Human Resources Manager,Indonesia,Ngrowo,6930 Sage Drive,
16,Udell,Mosson,GIS Technical Architect,Indonesia,Bau,42471 Brown Pass,
17,Caryn,Tindle,Senior Cost Accountant,China,Fenghuang,3375 Luster Trail,
18,Lou,Delia,Database Administrator II,Russia,Vazhiny,566 Packers Park,187742
19,Harald,Worsom,Project Manager,Argentina,Capitán Solari,1283 Spaight Avenue,3515
20,Ferdinand,Kubek,Product Engineer,Kenya,Isiolo,75436 Sullivan Trail,
21,Royall,Sepey,Junior Executive,Poland,Mońki,815 Kennedy Street,19-101
22,Michele,Angove,Dental Hygienist,Albania,Sarandë,74 Farragut Way,
23,Whitman,McIlvaney,Safety Technician II,South Africa,Mogwase,596 Birchwood Hill,0398
24,Land,Connick,Computer Systems Analyst IV,China,Jingping,947 Straubel Circle,
25,Roth,Bouzan,Business Systems Development Analyst,Canada,Assiniboia,3 Russell Parkway,H3C
26,Obadias,Dollard,Help Desk Operator,China,Xitiangezhuang,3 Pearson Street,
27,Dell,Crawley,Dental Hygienist,Netherlands,Groningen,11 Northview Plaza,9704
28,Ingeborg,Dimbylow,Nurse Practicioner,Albania,Përmet,91045 Orin Trail,
29,Andreana,Rhymes,Web Developer IV,Iran,Rāvar,083 Fieldstone Plaza,
30,Elfrida,Jacquemet,Civil Engineer,Philippines,Esperanza,0 Brentwood Place,8513
31,Chelsie,Harnwell,Account Coordinator,Portugal,Santa Cristina Couto,,4780-166
32,Pier,Paule,VP Sales,China,Nanjie,9874 Hallows Drive,
33,Man,Toor,Social Worker,China,Weizhou,89381 Packers Alley,
34,Guillema,Dunwoody,Health Coach III,Philippines,Jalaud,35 Kim Parkway,1045
35,Nertie,Twiname,Senior Cost Accountant,Brazil,Santana do Paraíso,85262 Barby Plaza,35167-000
36,Boyd,Longcake,Nurse,Panama,El Cortezo,61109 Melby Crossing,
37,Raddie,Geater,Programmer II,Argentina,Buenos Aires,45 Gale Crossing,
38,,Minshall,Sales Representative,Canada,Jasper Park Lodge,6822 Division Trail,H3R
39,,Snowdon,,China,Nieying,363 Brown Trail,
40,Tobye,,Data Coordinator,,Binlod,,6267
41,Heinrik,Ricciardi,Pharmacist,Cuba,Esmeralda,185 Dahle Circle,
42,Ikey,Reidie,Senior Financial Analyst,Argentina,Tigre,1905 Ludington Street,3350
43,Marys,Chataignier,Statistician II,Indonesia,Gununganyartambak Tengah,6402 Russell Lane,
44,Ab,Cartmael,Editor,Serbia,Sombor,,
45,Elwood,Spight,VP Accounting,Bosnia and Herzegovina,Bugojno,396 Riverside Lane,
46,Fanechka,Gawen,Computer Systems Analyst IV,Palestinian Territory,Till,9 Lawn Avenue,
47,Cris,Croser,Project Manager,Portugal,Pinhal da Marquesa,27 Crowley Drive,2950-577
48,Beverie,Bromehed,Junior Executive,Philippines,Josefina,23232 Farmco Drive,7027
49,Hazel,Clayton,VP Quality Control,Philippines,Salcedo,,6807
50,Jareb,Brent,Administrative Officer,Russia,Rudnya,3 Toban Road,216790
51,Cal,Patesel,Automation Specialist IV,France,Nantes,,44019 CEDEX 1
52,,Pizzey,Analog Circuit Design manager,Indonesia,Mojoroto,0906 Grasskamp Place,
53,Sigrid,Rontsch,Teacher,Palestinian Territory,Arţās,9400 Amoth Alley,
54,Abey,,Office Assistant III,China,Zhaojia,1150 Talisman Way,
55,Guendolen,Able,Information Systems Manager,Sweden,Stockholm,354 Sundown Alley,
56,Flynn,Tutchings,Statistician IV,China,Guanshan,2662 Manufacturers Place,
57,Sarene,Scoffham,Design Engineer,Ukraine,Karolino-Buhaz,39 Starling Plaza,
58,Germain,Bisiker,Sales Associate,Thailand,Sop Moei,91 Thompson Parkway,58110
59,Drucie,Macallam,Senior Cost Accountant,France,Paris 16,80 6th Hill,75778 CEDEX 16
60,Loleta,Lashley,Community Outreach Specialist,East Timor,Maubara,41 Dahle Plaza,
61,Lavinia,,Statistician IV,China,Marxog,63 Browning Junction,
62,Thurstan,Parres,Programmer III,China,Fuqiang,185 Miller Pass,
63,Rosita,Lanmeid,Administrative Officer,Indonesia,,9 Mitchell Lane,
64,Suzy,Roberson,Recruiting Manager,Guatemala,San Andrés Xecul,155 Arizona Park,08004
65,Pet,Curcher,,Indonesia,Banjar Beratan,6 Old Gate Lane,
66,Danita,Keatch,Marketing Manager,,Rifu,7120 Stoughton Way,981-0112
67,Riannon,Whether,,Democratic Republic of the Congo,Masina,0644 Red Cloud Parkway,
68,Winnie,Roffey,Accountant II,Peru,Santa,8 Bluejay Avenue,
69,Alison,Enriques,Structural Engineer,China,Yidu,04 Lunder Pass,
70,Darcy,,Marketing Assistant,China,Shiziling,31 Clove Way,
71,Malissa,Thorburn,Senior Sales Associate,,Drummondville,65453 Algoma Point,J2E
72,Rosella,Ringsell,Administrative Officer,Central African Republic,Gamboula,887 Westport Parkway,
73,Wendye,Shipton,Senior Editor,Russia,Kagal’nitskaya,62096 Kensington Place,403538
74,Pooh,,Community Outreach Specialist,Czech Republic,Litvínov,34 Redwing Street,436 03
75,Jorge,McCosh,Design Engineer,Indonesia,Banjar Paangkelod,0654 Moose Lane,
76,Ashbey,Cordero,Account Representative II,Portugal,Ribeira Seca,201 Stuart Center,9600-213
77,Aileen,,Product Engineer,Kenya,Chepareria,60008 Evergreen Street,
78,Marys,,Technical Writer,Portugal,Montes Velhos,78 Sutherland Pass,7600-411
79,Claudio,Stieger,,Ethiopia,Dīla,4261 Bunker Hill Junction,
80,Lavinia,Mc Cahey,Internal Auditor,Sweden,Sölvesborg,51 Artisan Crossing,294 21
81,Aubrey,Conduit,Registered Nurse,Argentina,Barranqueras,28 Algoma Drive,3480
82,Silvester,Hafford,Recruiting Manager,France,Marseille,1 Steensland Avenue,13444 CEDEX 06
83,Delcine,Phizakarley,Biostatistician I,Yemen,Ḑubāh,845 Londonderry Lane,
84,Miriam,Spradbery,Civil Engineer,Burundi,,99 Summit Terrace,
85,Adeline,Verheijden,Assistant Professor,Russia,Verkhniy Avzyan,27 Meadow Valley Drive,453524
86,Allard,Renahan,,Ukraine,Berehomet,92 Mallory Way,
87,Hastie,Crust,Environmental Tech,Argentina,Arraga,8451 Elka Drive,4206
88,Trenna,Lanfer,Marketing Manager,Canada,Prince Rupert,4 Nancy Center,V8J
89,Jard,Norsister,VP Product Management,Canada,Midland,4264 Stone Corner Pass,L4R
90,Viviana,Leathers,Senior Quality Engineer,Indonesia,,8 Eastlawn Road,
91,Uriah,Joris,Speech Pathologist,China,Beishan,6 Orin Drive,
92,Liv,Shalliker,Analyst Programmer,,Guarumal,413 Duke Junction,
93,Pattie,Strooband,Sales Associate,Uganda,Bundibugyo,,
94,Lotty,Esterbrook,Quality Engineer,Brazil,Firminópolis,137 Anderson Drive,76105-000
95,Jim,Christie,Speech Pathologist,Spain,Logroño,93990 Spaight Avenue,26070
96,Candra,Cordrey,Human Resources Manager,Poland,Brzyska,8734 Pepper Wood Center,38-212
97,Austine,Deerness,Software Test Engineer II,Philippines,Dimataling,12 Kedzie Avenue,7032
98,Donovan,Gurry,Staff Accountant IV,Portugal,Maganha,65990 New Castle Park,4785-650
99,Katusha,McKaile,Software Engineer IV,Greece,Alepoú,,
100,Hazel,Legion,Senior Financial Analyst,"Bonaire, Saint Eustatius and Saba ",Upper Hell's Gate,9 2nd Drive,
